{"NOVE": [43.538772, -1.452244, ["CANT", "PALI"]], "AVRI": [43.50246, -1.4624575, ["PLGA", "ETIE"]], "7PUI": [43.4721865, -1.526852, ["HOUN", "AEROPO"]], "NOST": [43.5279925, -1.4737375, ["HLMH", "VIGN"]], "CRZA": [43.5352005, -1.49049, ["FORG", "FOJE-FOJT"]], "ABB": [43.5020005, -1.523875, ["PORT", "DOUA"]], "ACAC": [43.4992375, -1.506941, ["CAMI", "RENA"]], "AGUE": [43.469476, -1.425769, ["MBOU", "ESCT"]], "AGUI": [43.481008, -1.535595, ["EURM", "CHSN"]], "AILL": [43.48348, -1.546579, ["CITS", "SCHV", "DONR", "EURM"]], "ALSA": [43.495044, -1.4693165, ["ECHM", "FERR"]], "AMA-AMAD": [43.5059335, -1.4756475, ["BRID", "LAHA"]], "ADUF": [43.482155, -1.514964, ["MAIS", "DBAR"]], "ABBA": [43.4476965, -1.5565935, ["IZAR", "BARB", "PEMA"]], "ARAG": [43.53357, -1.477605, ["MONT", "CAND"]], "ABOU": [43.4353425, -1.5191375, ["MBIS", "LTAS"]], "ARKI": [43.4422155, -1.4583915, ["QBAS", "VBOU"]], "ARIT": [43.473853, -1.4957885, ["PLAI", "CUZA"]], "ARTO": [43.4870515, -1.500925, ["DSBS", "LBAR", "BAB"]], "AROT": [43.4663255, -1.4443305, ["OURO", "FHAR"]], "ARRO": [43.498616, -1.4365235, ["LAPI", "HAME"]], "ARSE": [43.488274, -1.4724165, ["GENI", "ANDR"]], "ARTE": [43.4740035, -1.5001545, ["MUSE", "PLAI", "MELV"]], "AREN": [43.4934825, -1.4884355, ["CAPU", "ARPO"]], "ARPO": [43.493616, -1.4924975, ["AREN", "HARD", "FORU", "CCI"]], "ATAB": [43.460217, -1.539081, ["ZAIR", "BTZG"]], "ATHE": [43.437523, -1.589548, ["CRRI"]], "ATUR": [43.472731, -1.442486, ["ZADI", "IKEA", "MPOR", "SLIN", "EMAT"]], "AXRI": [43.441337, -1.5052015, ["HRR-HRRI", "XOKO"]], "AYGA": [43.539875, -1.4781225, ["BRRT", "ROND"]], "AYGS": [43.5387415, -1.4809545, ["GUYE", "ESPA"]], "AEROPO": [43.471972, -1.533293, ["PARM", "GLAC", "7PUI"]], "BAB2": [43.493661, -1.5184255, ["PSOL", "BOIB"]], "BAB": [43.490504, -1.498606, ["ARTO", "FORU"]], "BAHI": [43.494267, -1.5186405, ["CINQ", "HAUS"]], "BALI": [43.496154, -1.485598, ["SABA2", "SOUS", "CCI"]], "BARJ": [43.527801, -1.4916255, ["BOUG", "BART", "PTAR"]], "BARB": [43.449693, -1.559275, ["VIAD", "BTZG"]], "BARC": [43.462861, -1.5602385, ["HARC", "CHAU"]], "BRRT": [43.5414855, -1.47534, ["KOBE", "AYGA"]], "BARS": [43.5023005, -1.4793795, ["GREN", "SOEU"]], "BART": [43.5268555, -1.490627, ["BARJ", "PITA"]], "BBOU": [43.4459925, -1.509525, ["MEND", "PERR"]], "BAST": [43.463629, -1.50525, ["PITO", "PYRA"]], "BAYA": [43.4961335, -1.43645, ["HAME", "TROU"]], "RIVA": [43.47146, -1.5674345, ["BORD", "MILA"]], "CGPM": [43.464472, -1.5321165, ["ETCP", "IRAT"]], "BELH": [43.479165, -1.4558115, ["CHEA", "QUIE", "IKEA"]], "BELM": [43.4959715, -1.5157425, ["BUTT", "PSOL"]], "BELL": [43.5033065, -1.511953, ["STMI", "COMP"]], "BRNAIN": [43.481612, -1.510238, ["MNVA", "ENDA"]], "BRNM": [43.4815445, -1.5100215, ["MANG", "LEMB", "MAIS"]], "BERR": [43.4382435, -1.583032, ["HIRA", "OYHA"]], "BEYR": [43.484055, -1.4992705, ["UNION", "VILL", "LAFO"]], "BTZC": [43.4620825, -1.5672955, ["BOUL2", "HARC"]], "BIBL": [43.4849665, -1.5137905, ["PLAM", "MAIS"]], "BIDE": [43.4456605, -1.5832025, ["ERRE", "CHAI"]], "BIGO": [43.5337115, -1.488241, ["PTAR", "GUYE"]], "BEDE": [43.4731225, -1.4162785, ["CIGA2", "MVIL"]], "BLAN": [43.512055, -1.5001885, ["PIBA", "RENE"]], "BLER": [43.4988505, -1.50624, ["LAMO", "GOUG"]], "BOIB": [43.493159, -1.516451, ["LOUS", "CHEN", "BAB2"]], "BOIS": [43.4610155, -1.5489705, ["BTZG", "FJAM", "FAL"]], "GUIL": [43.51934, -1.484947, ["PNEU"]], "BRDA": [43.476449, -1.4319845, ["ESCT", "HRGN"]], "BRDE": [43.4572825, -1.501852, ["HOND", "SUTAR"]], "BOUR": [43.4931285, -1.46608, ["FERR", "JAUR"]], "BURU": [43.4955415, -1.4522405, ["DESC", "LART"]], "BRAM": [43.518453, -1.486557, ["DUPR"]], "BREU": [43.503369, -1.451169, ["JOUA", "HTSB"]], "BRIS-PTPL": [43.52615967, -1.51074467, ["SEMA", "PTPL"]], "IKEA": [43.480715, -1.442762, ["ATUR", "MPOR", "SLIN", "BELH"]], "OCEAN": [43.524845, -1.464318, ["CSTB", "PCAS", "MORA", "COTE"]], "CCFR": [43.4924725, -1.4532315, ["FORT", "GRAN"]], "CAMP": [43.4841595, -1.466304, ["POYD", "MADU"]], "CAMA": [43.506517, -1.4672395, ["MTRS", "COTE"]], "CAMI": [43.5018655, -1.5069715, ["CIGA", "ACAC"]], "CAMN": [43.455624, -1.5099245, ["JUVIGN", "HOND"]], "RUIS": [43.436713, -1.567267, ["DBASSI", "JEGU"]], "CAM": [43.499352, -1.4544265, ["HARA", "PLGA"]], "CANA": [43.4976695, -1.4956935, ["HAUS", "SABA"]], "CAND": [43.5348015, -1.478168, ["ARAG", "CHIC"]], "CNTA": [43.47583, -1.511034, ["FRGE", "TRLA"]], "CANT": [43.5378475, -1.4536205, ["TREY", "NOVE"]], "CAPU": [43.492396, -1.48717, ["TRIB", "AREN"]], "CARA": [43.499431, -1.45891, ["TOUR", "PLGA"]], "CRRI": [43.435685, -1.5934275, ["BIDP", "BIMA"]], "CARI": [43.463478, -1.5169855, ["PYRA", "URUB"]], "KBAB": [43.47536, -1.545323, ["VIAD", "EBAB"]], "CASS": [43.481094, -1.480656, ["LOEB", "LAUG"]], "TCAS": [43.52654, -1.450637, ["MING"]], "CSTB": [43.525026, -1.4555695, ["LECT", "OCEAN"]], "STET": [43.5109645, -1.4347455, ["HNAV", "EHPA"]], "CCI": [43.4973755, -1.4893325, ["ARPO", "BALI"]], "CHAI": [43.446585, -1.5802935, ["BIDE", "ETAP"]], "CHAL": [43.4886525, -1.450939, ["GRAN", "GOME"]], "PLAGS": [43.500696, -1.538548, ["MRNL", "VAGU"]], "CHAP": [43.4977845, -1.5385925, ["VAGU", "FALA"]], "CHPB": [43.5073025, -1.486036, ["SOEU", "BERD"]], "CHAU": [43.462185, -1.556167, ["BARC", "FAL"]], "CHSN": [43.4807515, -1.530677, ["AGUI", "MOUR"]], "SIMM": [43.468852, -1.557056, ["PETR"]], "CHIB": [43.5254235, -1.517411, ["BARR", "CAVA"]], "CHIC": [43.5371965, -1.4773465, ["CAND", "PICH"]], "CHIR": [43.4354065, -1.5912015, ["URON", "ECOL"]], "CHOI": [43.487809, -1.513125, ["ELHO", "PLAM"]], "CHEA": [43.481083, -1.460136, ["MADU", "BELH"]], "CIGA2": [43.47807, -1.41883, ["BEDE"]], "PARM2": [43.4715895, -1.537339, ["PARM", "RANQ"]], "CINQ": [43.494763, -1.528408, ["GRCH", "PECH", "LARO-LBAB", "BAHI"]], "CITA": [43.501662, -1.4673415, ["MAUB", "MTRS"]], "BOUL2": [43.4632045, -1.570662, ["TMAR", "BTZC", "BCRG"]], "CITE": [43.4801975, -1.489163, ["DARRIG", "CONS"]], "CITS": [43.48545, -1.5459305, ["SCHV", "MADE", "DONR"]], "CLAI": [43.537374, -1.4609315, ["ECLL", "HDVT"]], "MICH": [43.4713075, -1.5553975, ["SIMM", "TAMA"]], "OSTE": [43.508799, -1.464545, ["HARG"]], "CMPT": [43.460295, -1.495376, ["MAIGNO", "TECHNO"]], "COMP": [43.502813, -1.514161, ["BELL", "PIGN"]], "CONS": [43.48183, -1.4870585, ["CITE", "LOEB"]], "CONT": [43.484325, -1.555252, ["SCHM"]], "COPE": [43.4921295, -1.5467235, ["MERG", "GOLB"]], "CORD": [43.507535, -1.4975815, ["RENE", "MONB"]], "COTO": [43.4796315, -1.5184595, ["LAVI", "MANG"]], "COUR": [43.4934645, -1.510038, ["CHEN", "FUTA", "LRBT"]], "CHAM-CRXB": [43.478683, -1.5621095, ["JARD"]], "CUZA": [43.476051, -1.4931515, ["ARIT", "DARRIG"]], "COTE": [43.509632, -1.468049, ["CAMA", "OCEAN"]], "DASSA": [43.500337, -1.49798, ["JORL", "MONB"]], "DAUP": [43.5407375, -1.4701455, ["LACR", "KOBE"]], "DELV": [43.508354, -1.4859565, ["LAHA", "BERD"]], "DEYR": [43.512311, -1.438968, ["HTSB", "HNAV"]], "HRR-HRRI": [43.4438735, -1.5014815, ["ERKT", "AXRI"]], "DOCK": [43.459455, -1.5420255, ["HDEA", "BTZG"]], "DBASSI": [43.437314, -1.56344, ["JBAS", "RUIS"]], "DBAR": [43.4847235, -1.5182575, ["ADUF", "PRIM"]], "DONR": [43.483141, -1.5438575, ["AILL", "MADE"]], "DOUA": [43.501262, -1.527317, ["ABB", "PINS", "STEM"]], "DSBS": [43.489439, -1.5012525, ["NUMA", "ARTO"]], "DUPR": [43.514962, -1.4868, ["BERD"]], "DURR": [43.541881, -1.4584155, ["PALI", "PISS"]], "EDF": [43.4704, -1.4882285, ["PANO", "TECHNO"]], "ECHM": [43.492952, -1.4733165, ["HDVBAY", "ALSA", "REDU", "GRBY2"]], "ECLL": [43.532431, -1.460965, ["PCAS", "CLAI"]], "ECOL": [43.43603, -1.590205, ["CHIR", "ATHE"]], "MBOU": [43.4678415, -1.420086, ["LRHU", "AGUE"]], "MPOR": [43.48222, -1.441249, ["HRGN", "IKEA"]], "BIMA": [43.438405, -1.588877, ["CRRI", "ERRE", "ECOL"]], "EHPA": [43.507469, -1.434411, ["STET", "SEQU"]], "ELHO": [43.489979, -1.512003, ["LRBT", "CHOI"]], "EMBR": [43.433315, -1.597002, ["PLCT"]], "ERAB": [43.547261, -1.4892385, ["CCIA", "TURB", "HUGE"]], "DASB": [43.4705835, -1.4466345, ["PERL", "OURO"]], "ERMI": [43.4753035, -1.516018, ["TRLA", "HBRD"]], "ERKT": [43.4457785, -1.499876, ["PERR", "HRR-HRRI"]], "ERRE": [43.44306067, -1.585335, ["BIMA", "BIDE"]], "ESBO": [43.51526, -1.481771, ["VIGO", "POLI"]], "ESCT": [43.4709005, -1.432152, ["AGUE", "BRDA"]], "ESTA": [43.4870845, -1.538606, ["MADE", "LARO-LBAB"]], "ETAP": [43.4494805, -1.5762245, ["CHAI", "MARH"]], "ETCP": [43.4641425, -1.5257375, ["URUB", "CGPM"]], "ETXE": [43.451704, -1.518456, ["LTAS", "TROICR", "KURU"]], "CAST": [43.463896, -1.4383885, ["DHAR", "MURG"]], "EBAB": [43.48088, -1.540975, ["KBAB", "LARO-LBAB"]], "EURM": [43.4815895, -1.542415, ["AILL", "AGUI"]], "FAIS": [43.51703, -1.503595, ["OROK", "LAZA"]], "FAL": [43.4622345, -1.552983, ["CHAU", "BOIS"]], "FALA": [43.496111, -1.539641, ["CHAP", "MERG"]], "FEMM": [43.5445725, -1.460921, ["PISS", "HDVT", "GEND"]], "FINE": [43.5033485, -1.50277, ["GOUG", "CIGA", "LESP", "JAUF"]], "FLOQ": [43.4781205, -1.554714, ["KLEB", "PETI"]], "FOCH": [43.48123, -1.559153, ["JARD"]], "FONL": [43.502276, -1.5332975, ["SABL", "MRNL"]], "FRGE": [43.4782835, -1.510205, ["MSLT", "CNTA"]], "FORG": [43.53252, -1.492925, ["PTRN", "CRZA", "MEMO"]], "FORT": [43.493831, -1.4460775, ["TROU", "CCFR"]], "FORU": [43.493483, -1.494923, ["BAB", "ARPO"]], "FJAM": [43.4635785, -1.551931, ["BOIS", "LARU"]], "PETI": [43.478414, -1.5557505, ["FLOQ", "JARD"]], "GALO": [43.479795, -1.506905, ["MNVA", "MUSE"]], "GRBY2": [43.4961255, -1.469822, ["REDU", "GRBY", "MAUB", "LESS", "ECHM"]], "GRBY": [43.49676, -1.469928, ["GRBY2"]], "BTZG": [43.459679, -1.546021, ["VIAD", "ATAB", "BOIS", "HARI", "ABBA", "DOCK"]], "BOUG": [43.5238085, -1.4904665, ["MUTA", "BART", "MEMO"]], "GARI": [43.4835845, -1.4534095, ["SLIN", "RESP"]], "GARR": [43.552526, -1.458662, ["GEND"]], "GAUD": [43.480213, -1.5009335, ["LAFO", "POLO"]], "MBIS": [43.4332025, -1.512869, ["GNRL", "ABOU"]], "GEND": [43.549547, -1.460686, ["FEMM", "GARR"]], "GLAC": [43.4760935, -1.527525, ["AEROPO", "LAVI"]], "GOCH": [43.492837, -1.524018, ["PECH", "LOUS"]], "GOLB": [43.4906525, -1.5446505, ["COPE", "TRIG"]], "GOME": [43.487029, -1.452586, ["CHAL", "TILO"]], "GRAN": [43.490216, -1.452839, ["CCFR", "CHAL"]], "GRCH": [43.4912165, -1.52894, ["QATR", "CINQ", "LECL"]], "CCIA": [43.5468785, -1.4877025, ["WALO", "ERAB"]], "GUEH": [43.435973, -1.58625, ["BERR"]], "GUST": [43.4900635, -1.4620195, ["TILO", "JAUR"]], "GUYE": [43.535881, -1.486467, ["BIGO", "AYGS"]], "HABA": [43.5068965, -1.4611885, ["HOUR", "HARG"]], "IRAT": [43.465959, -1.538305, ["MOUS", "CGPM"]], "HAME": [43.497419, -1.4358315, ["ARRO", "BAYA"]], "HBRD": [43.473361, -1.519805, ["ERMI", "HOUN"]], "HARA": [43.498201, -1.453323, ["LART", "CAM"]], "HARC": [43.463217, -1.5632875, ["BTZC", "BARC"]], "HARD": [43.494005, -1.4971215, ["ARPO", "TIVO"]], "HARG": [43.50708, -1.4633745, ["HABA", "OSTE2"]], "HRGN": [43.479348, -1.4347215, ["BRDA", "MPOR"]], "DHAR": [43.4625965, -1.43917, ["FHAR", "CAST"]], "HARI": [43.4568235, -1.544177, ["BTZG", "POUT"]], "HAUS": [43.4974765, -1.5074375, ["BAHI", "CANA"]], "HTSB": [43.505234, -1.445738, ["DEYR", "BREU"]], "HNAV": [43.5132765, -1.435534, ["DEYR", "STET"]], "HILL": [43.465482, -1.448213, ["EMAT", "QBAS"]], "HIRA": [43.4391485, -1.57748, ["JEGU", "BERR"]], "MURG": [43.466208, -1.440924, ["CAST", "ZADI"]], "HIRI": [43.487501, -1.524675, ["PRIM", "QATR"]], "HLMH": [43.5277635, -1.4719085, ["MORA", "NOST"]], "HOND": [43.4569295, -1.505923, ["CAMN", "BRDE"]], "HOUN": [43.4714715, -1.5226685, ["HBRD", "7PUI"]], "HOUR": [43.505635, -1.4624975, ["ETIE", "HABA"]], "HUGE": [43.5479185, -1.487363, ["ERAB", "LAHO"]], "HDEA": [43.4591725, -1.5371455, ["LTXP", "DOCK"]], "HELI2": [43.478136, -1.5650675, ["CHAM-CRXB", "SLAS"]], "HOPI": [43.48239033, -1.48208533, ["JDGR", "LYCE"]], "BCRG": [43.457318, -1.5723825, ["PAVE", "BOUL2"]], "INDU": [43.5419475, -1.497776, ["TURB", "PTRN"]], "ITZU": [43.4332985, -1.5867285, ["GUEH", "URON"]], "IZAR": [43.445651, -1.553388, ["ABBA"]], "FERR": [43.4941535, -1.4675035, ["ALSA", "BOUR"]], "LOEB": [43.4815505, -1.4836065, ["CONS", "CASS"]], "JBAS": [43.4376065, -1.5632375, ["PEMA", "DBASSI"]], "JARD": [43.47937733, -1.55885033, ["FONT", "LRLD", "PETI", "HELI2"]], "JEGU": [43.4394, -1.5723895, ["RUIS", "HIRA"]], "JAUF": [43.505065, -1.503408, ["FINE", "EMPE"]], "JDGR": [43.485964, -1.482835, ["STLE", "HOPI"]], "JAUR": [43.49181, -1.4642365, ["BOUR", "MUSC", "GUST"]], "MAUR": [43.523359, -1.475548, ["VIGN", "PINE"]], "JOUA": [43.502427, -1.454421, ["PLGA", "BREU"]], "JORL": [43.49956, -1.49404, ["SABA", "DASSA", "MONB"]], "JUVIGN": [43.454022, -1.512478, ["TROICR", "CAMN"]], "KLEB": [43.476159, -1.547321, ["SABO", "FLOQ"]], "KOBE": [43.541352, -1.47295, ["DAUP", "BRRT"]], "KURU": [43.451088, -1.5218945, ["ETXE", "LTXP"]], "EMPE": [43.506781, -1.5024635, ["JAUF", "TUC"]], "UNION": [43.483181, -1.503249, ["LEMB", "BEYR"]], "BARR": [43.527335, -1.520698, ["SEMA", "CHIB"]], "FOJE-FOJT": [43.538701, -1.4889185, ["CRZA"]], "BUTT": [43.4974265, -1.5134735, ["RENA", "BELM"]], "BECA": [43.5165495, -1.5016775, ["REDO", "LAZA", "PIBA"]], "CHEN": [43.493445, -1.5134795, ["BOIB", "COUR"]], "LACR": [43.540948, -1.4658235, ["HDVT", "DAUP"]], "LAFO": [43.4828195, -1.4985495, ["LBAR", "GAUD"]], "FUTA": [43.4919025, -1.506202, ["COUR", "NUMA"]], "GARG": [43.528889, -1.479699, ["MONM", "LATA"]], "MADR": [43.5098195, -1.529351, ["GOLF", "CORS"]], "LNTQ": [43.489185, -1.466402, ["NPLN", "REDU"]], "PALI": [43.541748, -1.456762, ["NOVE", "DURR"]], "PINE": [43.5195145, -1.476772, ["MAUR", "VIGO"]], "TPLA": [43.551513, -1.47786, ["LAHO"]], "LRHU": [43.4682685, -1.4178075, ["MVIL", "MBOU"]], "LABH": [43.4743685, -1.540614, ["RANQ", "TAMM"]], "BORD": [43.4740735, -1.566632, ["SLAS", "RIVA"]], "LABO": [43.45338, -1.5438385, ["POUT", "LORE"]], "LACH": [43.4869045, -1.4867715, ["MARO", "STLE"]], "PRIM": [43.488008, -1.521907, ["DBAR", "HIRI"]], "BLAC": [43.531332, -1.473458, ["MATI"]], "WALO": [43.54381, -1.4852205, ["SMORA", "CCIA"]], "LAHA": [43.5070275, -1.4795695, ["AMA-AMAD", "DELV"]], "LAHO": [43.5492675, -1.4841825, ["HUGE", "TPLA"]], "LAMO": [43.496603, -1.5066495, ["MSSO", "BLER"]], "LTXP": [43.454844, -1.533264, ["KURU", "HDEA"]], "LARO-LBAB": [43.4875805, -1.53586175, ["ESTA", "QATR", "EBAB", "CINQ"]], "LRLD": [43.481715, -1.558161, ["EDOU", "MBIA"]], "LRBT": [43.4917805, -1.511362, ["COUR", "ELHO"]], "LARR": [43.471973, -1.55815, ["SOLE", "MICH"]], "LART": [43.496788, -1.451226, ["BURU", "HARA"]], "LARU": [43.465731, -1.5534215, ["FJAM", "SOLE"]], "LATA": [43.5289475, -1.482119, ["PIQU", "MONT", "GARG"]], "LTAS": [43.4485055, -1.517477, ["ABOU", "ETXE", "MEND"]], "LAUG": [43.484208, -1.476579, ["CASS", "GENI"]], "LAVG": [43.493628, -1.4595395, ["MUSC", "DESC"]], "LAVI": [43.4779455, -1.5233125, ["GLAC", "COTO"]], "LAZA": [43.52067875, -1.503208, ["NORO", "BECA", "FAIS"]], "BRID": [43.50529, -1.47111, ["MTRS", "AMA-AMAD"]], "GOLF": [43.512892, -1.52635, ["DUNE", "MADR"]], "PALA": [43.484677, -1.557278, ["EDOU", "MBIA"]], "LECT": [43.5243875, -1.4525135, ["MING", "CSTB"]], "LEMB": [43.482285, -1.506693, ["BRNM", "UNION", "LBAR"]], "QATR": [43.4890115, -1.529955, ["LARO-LBAB", "GRCH", "HIRI"]], "LBAR": [43.48418, -1.504175, ["ARTO", "BEYR", "LEMB"]], "CAVA": [43.51976, -1.5232945, ["CHIB", "DUNE"]], "CIGA": [43.5033625, -1.5053165, ["FINE", "STMI", "CAMI"]], "CORS": [43.505386, -1.5346765, ["MADR", "MRNL"]], "DUNE": [43.516694, -1.5236095, ["CAVA", "GOLF"]], "PINS": [43.501216, -1.5281405, ["DOUA", "SABL"]], "FONT": [43.4772855, -1.5567085, ["MART", "JARD"]], "VAGU": [43.4991355, -1.54005, ["PLAGS", "CHAP"]], "VIGN": [43.526425, -1.4756165, ["NOST", "MAUR"]], "LESP": [43.503855, -1.4998275, ["MONB", "FINE"]], "LESS": [43.496116, -1.472072, ["GRBY2", "GREN"]], "LORE": [43.4460085, -1.544986, ["LABO", "PEMAR"]], "LOUI": [43.4802475, -1.519676, ["MOUR", "MANG"]], "LOUS": [43.492687, -1.519987, ["GOCH", "BOIB"]], "LYCE": [43.4809485, -1.482817, ["HOPI", "TILL"]], "MILA": [43.469539, -1.5687175, ["RIVA", "TMAR"]], "MADU": [43.4809625, -1.463804, ["CAMP", "CHEA"]], "STMI": [43.5019635, -1.5111745, ["CIGA", "BELL"]], "MAIGNO": [43.466373, -1.496336, ["SUTAR", "MELV", "TECHNO"]], "MANG": [43.480563, -1.514631, ["COTO", "BRNM", "LOUI"]], "HDVBAY": [43.493012, -1.474543, ["BASQ-PDB", "ECHM"]], "EDOU": [43.4833155, -1.5587775, ["FOCH", "CONT"]], "MBIA": [43.483347, -1.557715, ["FOCH", "CONT"]], "MBID": [43.43988, -1.589704, ["ERRE"]], "HVBC": [43.524172, -1.485695, ["ANDB-BAND", "MONM"]], "HDVT": [43.540582, -1.4609235, ["FEMM", "LACR", "CLAI"]], "MAIS": [43.482638, -1.513819, ["BIBL", "ADUF"]], "FHAR": [43.4626715, -1.440882, ["AROT", "DHAR"]], "MARH": [43.4504885, -1.5749915, ["ETAP", "PAVE"]], "MRNL": [43.5029975, -1.536515, ["FONL", "PLAGS", "CORS"]], "MARO": [43.4858185, -1.4910425, ["VILL", "LACH"]], "MRRC2": [43.47723, -1.482998, ["PANO", "TILL"]], "MRRC": [43.4765775, -1.4839365, ["TILL", "PANO"]], "MATI": [43.5316595, -1.466032, ["BLAC", "PCAS"]], "MTRS": [43.503014, -1.4679, ["CITA", "BRID", "CAMA"]], "MAUB": [43.4979115, -1.4676545, ["GRBY2", "CITA", "TOUR"]], "MELV": [43.4675395, -1.4976485, ["MAIGNO", "ARTE", "PITO"]], "GNRL": [43.433012, -1.505807, ["LRDT", "MBIS"]], "MBUR": [43.434695, -1.441902, ["VEGL"]], "MEND": [43.4466515, -1.5124635, ["LTAS", "BBOU"]], "MERG": [43.4934835, -1.5456735, ["FALA", "COPE"]], "MNVA": [43.480745, -1.509154, ["BRNM", "GALO", "BRNAIN", "MSLT"]], "MING": [43.5254735, -1.450623, ["TCAS", "LECT"]], "MONB": [43.5037685, -1.4966765, ["CORD", "LESP", "DASSA", "JORL"]], "MONT": [43.531489, -1.480551, ["LATA", "ARAG"]], "MONM": [43.5254935, -1.485158, ["ANDB-BAND", "GARG"]], "MORA": [43.527825, -1.46535, ["OCEAN", "HLMH"]], "MVIL": [43.47022, -1.41572, ["BEDE", "LRHU"]], "MSLT": [43.4800405, -1.5097605, ["MNVA", "FRGE"]], "MOUR": [43.480252, -1.5258165, ["CHSN", "LOUI"]], "MOUS": [43.465856, -1.5407775, ["IRAT", "CHPT"]], "MROL": [43.51705, -1.4848875, ["GUIL", "ESBO"]], "MSSO": [43.49652, -1.502046, ["TIVO", "LAMO"]], "MUSC": [43.4929285, -1.462264, ["JAUR", "LAVG"]], "MUSE": [43.478415, -1.504701, ["GALO", "ARTE"]], "MEMO": [43.529551, -1.4966025, ["MUTA", "FORG"]], "NPLN": [43.4870735, -1.4628675, ["RESP", "LNTQ"]], "NORO": [43.5235735, -1.5040685, ["PTPL", "LAZA"]], "SOLE": [43.4685675, -1.554846, ["LARU", "SIMM"]], "SABA": [43.4983, -1.492896, ["CANA", "SABA2", "JORL"]], "NUMA": [43.4901255, -1.504812, ["FUTA", "DSBS"]], "OROK": [43.511526, -1.504238, ["TUC", "FAIS"]], "OSTE2": [43.509245, -1.463645, ["SAIN"]], "OYHA": [43.435268, -1.58255, ["ITZU"]], "GOUG": [43.5000855, -1.504446, ["BLER", "FINE"]], "PANO": [43.475181, -1.484684, ["MRRC2", "EDF", "MRRC"]], "PCAS": [43.5296335, -1.4624995, ["OCEAN", "PLAT", "MATI", "ECLL"]], "LRDT": [43.433752, -1.508368, ["AXER", "GNRL"]], "PARM": [43.47127, -1.5354535, ["VIAD", "AEROPO", "PARM2"]], "PAUL": [43.49175367, -1.48129667, ["STLE", "BASQ-PDB", "TRIB"]], "PEMA": [43.4436605, -1.5601875, ["ABBA", "JBAS"]], "PERR": [43.445239, -1.503369, ["BBOU", "ERKT"]], "PIBA": [43.513685, -1.5004185, ["BECA", "BLAN"]], "PICH": [43.538776, -1.477456, ["CHIC", "ROND"]], "PIGN": [43.5020175, -1.5174905, ["COMP", "PORT"]], "LAPI": [43.502055, -1.4390625, ["SEQU", "ARRO"]], "PIQU": [43.5283775, -1.484443, ["PITA", "LATA"]], "PISS": [43.5443685, -1.4578435, ["DURR", "FEMM"]], "PITA": [43.528066, -1.487049, ["BART", "PIQU"]], "PITO": [43.4645335, -1.501033, ["MELV", "BAST"]], "BASQ-PDB": [43.49373786, -1.47897243, ["PAUL", "HDVBAY", "SOUS"]], "PLGA": [43.5004015, -1.456383, ["CAM", "AVRI", "CARA", "JOUA"]], "PLAM": [43.4851955, -1.5126035, ["ENDA", "BIBL", "CHOI"]], "LECL": [43.49544, -1.5289925, ["CINQ", "STEM"]], "ANDR": [43.4894865, -1.471849, ["ARSE", "REDU"]], "BIDP": [43.432931, -1.595829, ["BIDH", "CRRI", "EMBR"]], "PLCT": [43.436958, -1.593643, ["MBID"]], "PLAI": [43.4730435, -1.4984945, ["ARTE", "ARIT"]], "PLAT": [43.5322365, -1.4538265, ["PCAS", "TREY"]], "PERL": [43.473456, -1.4516785, ["QUIE", "DASB"]], "POLI": [43.514687, -1.4855735, ["MROL"]], "POLO": [43.47904, -1.4991095, ["GAUD", "VALL"]], "GENI": [43.4871565, -1.4759305, ["LAUG", "ARSE"]], "GREN": [43.49842633, -1.48074467, ["LESS", "BARS"]], "PNEU": [43.521837, -1.485442, ["HVBC"]], "BERD": [43.5127, -1.4871675, ["DELV", "POLI", "CHPB"]], "PTAR": [43.530854, -1.4913975, ["BARJ", "BIGO"]], "PTPL": [43.5245915, -1.507007, ["BRIS-PTPL", "NORO"]], "PTRN": [43.535108, -1.495276, ["INDU", "FORG"]], "PORT": [43.5018025, -1.5206155, ["PIGN", "ABB"]], "POUT": [43.45574, -1.5435765, ["HARI", "LABO"]], "POYD": [43.4887555, -1.4677625, ["REDU", "CAMP"]], "PAVE": [43.454036, -1.5735735, ["MARH", "BCRG"]], "PYRA": [43.463455, -1.510844, ["BAST", "CARI"]], "PEMAR": [43.436975, -1.551072, ["LORE"]], "MUTA": [43.522347, -1.489178, ["BRAM"]], "PETR": [43.47064, -1.560818, ["LARR"]], "PECH": [43.4930785, -1.5275295, ["CINQ", "GOCH"]], "TURB": [43.5461, -1.4927505, ["ERAB", "INDU"]], "PSOL": [43.4952425, -1.518123, ["BELM", "BAB2"]], "QBAS": [43.4530975, -1.465954, ["HILL", "ARKI"]], "ENDA": [43.483737, -1.51125, ["BRNAIN", "PLAM"]], "ESPA": [43.540105, -1.482733, ["ROND", "SMORA", "AYGS"]], "RANQ": [43.4724335, -1.5397635, ["PARM2", "LABH"]], "REDO": [43.520168, -1.501907, ["BECA"]], "RENA": [43.4975875, -1.510491, ["ACAC", "BUTT"]], "RESP": [43.485298, -1.459634, ["GARI", "NPLN"]], "ROND": [43.5391475, -1.4800495, ["PICH", "ESPA", "AYGA"]], "AXER": [43.435322, -1.5063025, ["XOKO", "LRDT"]], "REDU": [43.49266, -1.4716765, ["ANDR", "GRBY2", "ECHM", "POYD", "LNTQ"]], "RENE": [43.5105115, -1.499765, ["BLAN", "CORD"]], "SABA2": [43.497979, -1.490321, ["SABA", "BALI"]], "SABO": [43.474299, -1.5448745, ["TAMM", "KLEB"]], "SABL": [43.5007235, -1.53291, ["PINS", "FONL"]], "SAIN": [43.509865, -1.464564, ["OSTE"]], "STLE": [43.48875567, -1.48258233, ["LACH", "PAUL", "JDGR"]], "SLIN": [43.484257, -1.44838, ["IKEA", "GARI"]], "SOEU": [43.503975, -1.483925, ["BARS", "CHPB"]], "SOUS": [43.49503, -1.4816025, ["BALI", "BASQ-PDB"]], "SLAS": [43.4754815, -1.5661625, ["HELI2", "BORD"]], "SMORA": [43.541161, -1.484046, ["ESPA", "WALO"]], "ANDB-BAND": [43.523975, -1.4889735, ["BOUG"]], "SCHM": [43.48488, -1.550882, ["AILL"]], "SCHV": [43.485318, -1.551131, ["PALA"]], "ETIE": [43.503716, -1.463712, ["AVRI", "HOUR"]], "MART": [43.475334, -1.5576095, ["TAMA", "FONT"]], "DESC": [43.493869, -1.4564745, ["LAVG", "BURU"]], "MADE": [43.48675425, -1.54317225, ["CITS", "ESTA", "TRIG", "DONR"]], "STEM": [43.500078, -1.527758, ["LECL", "DOUA"]], "SUTAR": [43.458687, -1.497593, ["BRDE", "CMPT"]], "SEMA": [43.5260625, -1.515145, ["BARR", "BRIS-PTPL"]], "SEQU": [43.506692, -1.43098567, ["EHPA", "LAPI"]], "TAMM": [43.4758635, -1.5429225, ["LABH", "SABO"]], "TAMA": [43.4735825, -1.556335, ["MICH", "MART"]], "TECHNO": [43.467455, -1.492377, ["EDF", "MAIGNO", "SUTAR"]], "TMAR": [43.4670525, -1.571252, ["MILA", "BOUL2"]], "TILL": [43.479203, -1.4842195, ["LYCE", "MRRC", "MRRC2"]], "TILO": [43.486626, -1.4561535, ["GOME", "GUST"]], "TIVO": [43.49338933, -1.50254833, ["HARD", "MSSO"]], "TRLA": [43.475672, -1.5138655, ["CNTA", "ERMI"]], "TOUR": [43.4997795, -1.4646535, ["MAUB", "CARA"]], "TREY": [43.5344365, -1.4523915, ["PLAT", "CANT"]], "TRIB": [43.4910885, -1.484816, ["PAUL", "CAPU"]], "TRIG": [43.488724, -1.5438735, ["GOLB", "MADE"]], "TROICR": [43.452624, -1.51643, ["JUVIGN", "ETXE"]], "TROU": [43.4950705, -1.4397845, ["BAYA", "FORT"]], "TUC": [43.5089795, -1.5025675, ["EMPE", "OROK"]], "BIDH": [43.430492, -1.598933, ["BIDP"]], "DARRIG": [43.478609, -1.491263, ["VALL", "CITE", "CUZA"]], "URON": [43.433681, -1.590666, ["ITZU", "CHIR"]], "EMAT": [43.470139, -1.4462835, ["ATUR", "HILL"]], "OURO": [43.4690535, -1.445866, ["DASB", "AROT"]], "URUB": [43.4633775, -1.520602, ["CARI", "ETCP"]], "VALL": [43.4783755, -1.493897, ["POLO", "DARRIG"]], "VIAD": [43.460749, -1.547002, ["ABBA", "BTZG", "PARM", "KBAB"]], "VIGO": [43.518326, -1.4780035, ["PINE", "ESBO"]], "VILL": [43.4850095, -1.4949125, ["BEYR", "MARO"]], "VBOU": [43.4376, -1.453423, ["ARKI", "VECL"]], "VECL": [43.43605, -1.453237, ["VBOU", "VEGL"]], "VEGL": [43.4368575, -1.4494815, ["VECL", "MBUR"]], "XOKO": [43.4383605, -1.504505, ["AXRI", "AXER"]], "CHPT": [43.464404, -1.542455, ["MOUS", "ZAIR"]], "ZAIR": [43.46303, -1.5392365, ["CHPT", "ATAB"]], "ZADI": [43.4691685, -1.4447965, ["MURG", "ATUR"]], "QUIE": [43.477588, -1.4577, ["BELH", "PERL"]]}