  Promotion ; Semaine  ;Code Apogee;  Module/Ressource nom Complet  ;Modules/Ressource nom EDT;Enseignant;  Durée;Date;Heure;HeureTT;Salles;Surveillants
Info semestre 1;27/09/2022;BBIN101R - R1.01 Initiation au développement;R1.01 - Initiation au développement (Partie  1);R1.01 - Initiation au dév.;Corre;120;28/09/2022;14:00;14:00;S124, S125, Amphi;Cordova, Futrell
Info semestre 1;04/10/2022;BBIN109R - R1.09 Économie durable et numérique;R1.09 - Économie durable et numérique;R1.09 - Économie Durable et Num.;Drame;120;05/10/2022;08:00;08:00;S124, S126, Amphi;Theodora, Harris
Info semestre 1;08/11/2022;BBIN101R - R1.01 Initiation au développement;R1.01 - Initiation au développement (Partie 2);R1.01 - Initiation au dév.;Corre;120;09/11/2022;09:00;09:00;S124, S127, Amphi;Lepley, McKinley
Info semestre 1;15/11/2022;BBIN105R - R1.05 Introduction aux bases de données et SQL;R1.05 - Introduction aux bases de données et SQL - Manipulation;R1.05 - Introduction BD - Manipulation;Fischer;60;16/11/2022;08:30;08:30;S124, S125, Amphi;Cordova, Futrell
Info semestre 1;22/11/2022;BBIN108R - R1.08 Gestion de projet & des organisations;R1.08 - Gestion de projet et des organisations;R1.08 - Gestion Proj. & Orga.;Bergeron;60;23/11/2022;09:15;09:00;S124, S125, Amphi;Theodora, Harris
Info semestre 1;29/11/2022;BBIN109R - R1.09 Économie durable et numérique;R1.09 - Économie durable et numérique;R1.09 - Économie Durable et Num.;Drame;120;30/11/2022;10:30;10:30;S124, S126, Amphi;Lepley, McKinley
Info semestre 1;06/12/2022;BBIN103R - R1.03 Introduction à l’architecture des ordinateurs;R1.03 - Introduction à l'architecture des ordinateurs;R1.03 - Intro. archi.;Drame;120;07/12/2022;14:00;14:00;S124, S127, Amphi;Cordova, Futrell
Info semestre 1;06/12/2022;BBIN105R - R1.05 Introduction aux bases de données et SQL;R1.05 - Introduction aux bases de données et SQL - Conception;R1.05 - Introduction BD - Conception;Corre;60;07/12/2022;10:00;10:00;S124, S125, Amphi;Theodora, Harris
Info semestre 1;13/12/2022;BBIN104R - R1.04 Introduction aux systèmes d’exploitation et à leur fonctionnement;R1.04 - Introduction aux systèmes d'exploitation et à leur fonctionnement;R1.04 - Intro. systèmes;Corre;120;14/12/2022;09:30;09:00;S124, S125, Amphi;Lepley, McKinley
Info semestre 1;10/01/2023;BBIN101R - R1.01 Initiation au développement;R1.01 - Initiation au développement (Partie 2);R1.01 - Initiation au dév.;Bergeron;60;11/01/2023;11:30;11:30;S124, S126, Amphi;Cordova, Futrell
Info semestre 1;10/01/2023;BBIN106R - R1.06 Mathématiques discrètes;R1.06 - Mathématiques discrètes;R1.06 - Maths discrètes;Fischer;120;11/01/2023;14:00;14:00;S124, S127, Amphi;Theodora, Harris
Info semestre 1;10/01/2023;BBIN107R - R1.07 Outils mathématiques fondamentaux;R1.07 - Outils mathématiques fondamentaux;R1.07 - Outils math. fondamentaux;Costes;120;11/01/2023;08:00;08:00;S124, S125, Amphi;Lepley, McKinley
Info semestre 1;10/01/2023;BBIN108R - R1.08 Gestion de projet & des organisations;R1.08 - Gestion de projet et des organisations;R1.08 - Gestion Proj. & Orga.;Corre;120;11/01/2023;09:00;09:00;S124, S125, Amphi;Cordova, Futrell
Info semestre 2;07/03/2023;BBIN203R - R2.03 Qualité de développement;R2.03 - Qualité de développement;R2.03 - Qualité de dev.;Fischer;60;08/03/2023;08:30;08:30;S124, S126, Amphi;Theodora, Harris
Info semestre 2;07/03/2023;BBIN203R - R2.03 Qualité de développement;R2.03 - Qualité de développement;R2.03 - Qualité de dev.;Costes;60;08/03/2023;09:15;09:00;S124, S127, Amphi;Lepley, McKinley
Info semestre 2;07/03/2023;BBIN210R - R2.10 Gestion de projet & des organisations;R2.10 - Gestion de projet & des organisations (G. Proj);R2.10 - Gestion Proj. & Orga.;Catherine;60;08/03/2023;10:30;10:30;S124, S125, Amphi;Cordova, Futrell
Info semestre 2;07/03/2023;BBIN211R - R2.11 Droit des contrats et du numérique;R2.11 - Droit des contrats et du numérique;R2.11 - Droit des contrats et Num.;Costes;60;08/03/2023;14:00;14:00;S124, S125, Amphi;Theodora, Harris
Info semestre 2;21/03/2023;BBIN201R - R2.01 Développement orienté objets;R2.01 - Développement orienté objets - Programmation;R2.01 - Dév. objets - Programmation;Garcia;120;22/03/2023;10:00;10:00;S124, S126, Amphi;Lepley, McKinley
Info semestre 2;28/03/2023;BBIN201R - R2.01 Développement orienté objets;R2.01 - Développement orienté objets - Conception;R2.01 - Dév. objets - Conception;Fischer;120;29/03/2023;09:30;09:00;S124, S127, Amphi;Cordova, Futrell
Info semestre 2;04/04/2023;BBIN206R - R2.06 Exploitation d’une base de données;R2.06 - Exploitation d'une base de données;R2.06 - Exploitation BD;Costes;120;05/04/2023;11:30;11:30;S124, S125, Amphi;Theodora, Harris
Info semestre 2;11/04/2023;BBIN202R - R2.02 Développement d’applications avec IHM;R2.02 - Développement d'applications avec IHM;R2.02 - Dev. d'apps avec IHM;Costes;60;12/04/2023;14:00;14:00;S124, S125, Amphi;Lepley, McKinley
Info semestre 2;11/04/2023;BBIN205R - R2.05 Introduction aux services réseaux;R2.05 - Introduction aux services réseaux;R2.05 - Services réseaux;Fischer;60;12/04/2023;08:00;08:00;S124, S126, Amphi;Cordova, Futrell
Info semestre 2;02/05/2023;BBIN211R - R2.11 Droit des contrats et du numérique;R2.11 - Droit des contrats et du numérique;R2.11 - Droit des contrats et Num.;Corre;60;03/05/2023;09:00;09:00;S124, S127, Amphi;Theodora, Harris
Info semestre 2;16/05/2023;BBIN210R - R2.10 Gestion de projet & des organisations;R2.10 - Gestion de projet & des organisations (G. Org);R2.10 - Gestion Proj. & Orga.;Costes;60;17/05/2023;08:30;08:30;S124, S125, Amphi;Lepley, McKinley
Info semestre 2;23/05/2023;BBIN204R - R2.04 Communication et fonctionnement bas niveau;R2.04 - Communication et fonctionnement bas niveau;R2.04 - Réseau & bas niveau;Fischer;120;24/05/2023;09:15;09:00;S124, S125, Amphi;Cordova, Futrell
Info semestre 2;30/05/2023;BBIN202R - R2.02 Développement d’applications avec IHM;R2.02 - Développement d'applications avec IHM;R2.02 - Dev. d'apps avec IHM;Fischer;120;31/05/2023;10:30;10:30;S124, S126, Amphi;Theodora, Harris
Info semestre 2;06/06/2023;BBIN213R - R2.13 Communication avec le milieu professionnel;R2.13 - Communication avec le milieu professionnel;R2.13 - Comm. professionnelle;Catherine;120;07/06/2023;14:00;14:00;S124, S127, Amphi;Lepley, McKinley
Info semestre 3;11/10/2022;BTIN3102-Services réseaux;M3102 - Services réseaux;Services réseaux - M3102;Garcia;60;12/10/2022;10:00;10:00;S124, S125, Amphi;Cordova, Futrell
Info semestre 3;18/10/2022;BTIN3103-Algorithmique avancée;M3103 - Algorithmique avancée;Algo. avancée - M3103;Fort;60;19/10/2022;09:30;09:00;S124, S125, Amphi;Theodora, Harris
Info semestre 3;18/10/2022;BTIN3103-Algorithmique avancée;M3103 - Algorithmique avancée;Algo. avancée - M3103;Fischer;60;19/10/2022;11:30;11:30;S124, S126, Amphi;Lepley, McKinley
Info semestre 3;18/10/2022;BTIN3106-Base de données avancées;M3106C - Bases de données avancées;BD Avancées - M3106C;Fort;60;19/10/2022;14:00;14:00;S124, S127, Amphi;Cordova, Futrell
Info semestre 3;18/10/2022;BTIN3106-Base de données avancées;M3106C - Bases de données avancées;BD Avancées - M3106C;Bergeron;60;19/10/2022;08:00;08:00;S124, S125, Amphi;Theodora, Harris
Info semestre 3;29/11/2022;BTIN3104-Programmation Web côté serveur;M3104 - Prog. Web coté serveur (PHP);Prog. web (Partie 1 : PHP) – M3104;Garcia;120;30/11/2022;09:00;09:00;S124, S125, Amphi;Lepley, McKinley
Info semestre 3;29/11/2022;BTIN3105-Conception et programmation objet avancées;M3105 - Conception et programmation objet avancées;Prog. objet avancée - M3105;Catherine;60;30/11/2022;08:30;08:30;S124, S126, Amphi;Cordova, Futrell
Info semestre 3;29/11/2022;BTIN3105-Conception et programmation objet avancées;M3105 - Conception et programmation objet avancées;Prog. objet avancée - M3105;Costes;60;30/11/2022;09:15;09:00;S124, S127, Amphi;Theodora, Harris
Info semestre 3;29/11/2022;BTIN3204-Gestion des systèmes d'information;M3204 - Gestion des systèmes d'information;Gestion des SI - M3204;Catherine;120;30/11/2022;10:30;10:30;S124, S125, Amphi;Lepley, McKinley
Info semestre 3;06/12/2022;BTIN3101-Principes des systèmes d'exploitation;M3101 - Principes des systèmes d'exploitation - Partie 1;Systèmes d'exploitation - M3101;Fort;120;07/12/2022;14:00;14:00;S124, S125, Amphi;Cordova, Futrell
Info semestre 3;06/12/2022;BTIN3301-Méthodologie de la production d'applications;M3301 - Méthodologie de la production d'applications (ACDA 1/3);Méthodologie Production Applis (M3301 - ACDA 1/3);Fischer;60;07/12/2022;10:00;10:00;S124, S126, Amphi;Theodora, Harris
Info semestre 3;06/12/2022;BTIN3301-Méthodologie de la production d'applications;M3301 - Méthodologie de la production d'applications (EGOD 2/3);Méthodologie Production Applis (M3301 - EGOD 2/3);Costes;60;07/12/2022;09:30;09:00;S124, S127, Amphi;Lepley, McKinley
Info semestre 3;03/01/2023;BTIN3101-Principes des systèmes d'exploitation;M3101 - Principes des systèmes d'exploitation - Partie 2;Systèmes d'exploitation - M3101;Fabre;120;04/01/2023;11:30;11:30;S124, S125, Amphi;Cordova, Futrell
Info semestre 3;10/01/2023;BTIN3102-Services réseaux;M3102 - Services réseaux;Services réseaux - M3102;Catherine;60;11/01/2023;14:00;14:00;S124, S125, Amphi;Theodora, Harris
Info semestre 3;10/01/2023;BTIN3104-Programmation Web côté serveur;M3104 - Prog. Web coté serveur (Symfony);Prog. web (Partie 2 : Symfony) - M3104;Fabre;60;11/01/2023;08:00;08:00;S124, S126, Amphi;Lepley, McKinley
Info semestre 3;10/01/2023;BTIN3105-Conception et programmation objet avancées;M3105 - Conception et programmation objet avancées;Prog. objet avancée - M3105;Costes;60;11/01/2023;09:00;09:00;S124, S127, Amphi;Cordova, Futrell
Info semestre 3;10/01/2023;BTIN3105-Conception et programmation objet avancées;M3105 - Conception et programmation objet avancées;Prog. objet avancée - M3105;Fischer;60;11/01/2023;08:30;08:30;S124, S125, Amphi;Theodora, Harris
Info semestre 3;10/01/2023;BTIN3201-Probabilités et statistiques;M3201 - Proba Stat;Proba Stat - M3201;Garcia;60;11/01/2023;09:15;09:00;S124, S125, Amphi;Lepley, McKinley
Info semestre 3;10/01/2023;BTIN3202-Modélisations mathématiques;M3202C - Modélisations;Modélisation - M3202C;Fischer;120;11/01/2023;10:30;10:30;S124, S126, Amphi;Cordova, Futrell
Info semestre 3;10/01/2023;BTIN3204-Gestion des systèmes d'information;M3204 - Gestion des systèmes d'information;Gestion des SI - M3204;Drame;120;11/01/2023;14:00;14:00;S124, S127, Amphi;Theodora, Harris
Info semestre 4 - Parcours IPI;14/03/2023;BTIN4101-Administration systèmes et réseau;M4101C-IPI - Administration système et réseau;Administration système et réseau - M4101C;Corre;120;15/03/2023;10:00;10:00;S124, S125, Amphi;Lepley, McKinley
Info semestre 4 - Parcours IPI;21/03/2023;BTIN4102-Programmation répartie;M4102C-IPI - Programmation répartie;Prog. Réseau (Java) - M4102C;Garcia;120;22/03/2023;09:30;09:00;S124, S125, Amphi;Cordova, Futrell
Info semestre 4 - Parcours IPI;21/03/2023;BTIN4113-Programmation web, client riche;M4103C-IPI - Programmation Web - Client riche;JavaScript - M4103C;Costes;60;22/03/2023;11:30;11:30;S124, S126, Amphi;Theodora, Harris
Info semestre 4 - Parcours IPI;21/03/2023;BTIN4113-Programmation web, client riche;M4103C-IPI - Programmation Web - Client riche;JavaScript - M4103C;Catherine;60;22/03/2023;14:00;14:00;S124, S127, Amphi;Lepley, McKinley
Info semestre 4 - Parcours IPI;21/03/2023;BTIN4202-Recherche opérationnelle et aide à la décision;M4202C-IPI - Math;Recherche opérationnelle - M4202C;Fort;120;22/03/2023;08:00;08:00;S124, S125, Amphi;Cordova, Futrell
Info semestre 4 - Parcours PEL;28/02/2023;BTIN4117-Mathématiques;M4202-PEL - Compléments Maths;Compléments Maths - M4202C;Fischer;60;01/03/2023;09:00;09:00;S124, S125, Amphi;Theodora, Harris
Info semestre 4 - Parcours PEL;28/02/2023;BTIN4117-Mathématiques;M4202-PEL - Compléments Maths;Compléments Maths - M4202C;Catherine;60;01/03/2023;08:30;08:30;S124, S126, Amphi;Lepley, McKinley
Info semestre 4 - Parcours PEL;21/03/2023;BTIN4111-Microcontroleur;M4101C-PEL - Microcontrôleur;Microcontrôleur - M4101C;Catherine;120;22/03/2023;09:15;09:00;S124, S127, Amphi;Cordova, Futrell
Info semestre 4 - Parcours PEL;21/03/2023;BTIN4112-Web services;M4102C PEL - Webservices;Webservices - M4102C;Fort;120;22/03/2023;10:30;10:30;S124, S125, Amphi;Theodora, Harris
Info semestre 4 - Parcours PEL;21/03/2023;BTIN4113-Programmation web, client riche;M4103C-PEL - Javascript;JavaScript - M4103C-PEL;Fort;120;22/03/2023;14:00;14:00;S124, S125, Amphi;Lepley, McKinley
Info semestre 4 - Parcours PEL;21/03/2023;BTIN4115-Web avancé;M4105C-PEL - Programmation web avancée;Prog. web avancée - M4105C;Drame;60;22/03/2023;10:00;10:00;S124, S126, Amphi;Cordova, Futrell
Info semestre 4 - Parcours PEL;21/03/2023;BTIN4115-Web avancé;M4105C-PEL - Programmation web avancée;Prog. web avancée - M4105C;Fabre;60;22/03/2023;09:30;09:00;S124, S127, Amphi;Theodora, Harris
Info semestre 4 - Parcours PEL;21/03/2023;BTIN4117-Mathématiques;M4202-PEL - Compléments Maths;Compléments Maths - M4202C;Fischer;60;22/03/2023;11:30;11:30;S124, S125, Amphi;Lepley, McKinley
Info semestre 4 - Parcours PEL;21/03/2023;BTIN4117-Mathématiques;M4202-PEL - Compléments Maths;Compléments Maths - M4202C;Bergeron;60;22/03/2023;14:00;14:00;S124, S125, Amphi;Cordova, Futrell
LP-NUM profil Gen/AV;18/10/2022;BPVGMA5C - MaN Mise à niveau audiovisuel ou info;MaN GA-Info1/Réseaux;MaN GA-Info1/Réseaux;Fort;60;19/10/2022;08:00;08:00;S124, S126, Amphi;Theodora, Harris
LP-NUM profil Gen/AV;31/01/2023;BPVGMA5C - MaN Mise à niveau audiovisuel ou info;MaN GA-Info2/Algorithmique;MaN GA-Info2/Algorithmique;Drame;120;01/02/2023;09:00;09:00;S124, S127, Amphi;Lepley, McKinley
LP-NUM profil Gen/AV;14/02/2023;BPVGMA5C - MaN Mise à niveau audiovisuel ou info;MaN GA-Info1/SGBD;MaN GA-Info1/SGBD;Bergeron;120;15/02/2023;08:30;08:30;S124, S125, Amphi;Cordova, Futrell
LP-NUM profil Gen/AV;04/04/2023;BPVGSP6C - SPE - GP  (parcours Gestion proj Mult);SPE GP4/Compléments juridiques;SPE GP4/Compléments juridiques;Costes;120;05/04/2023;09:15;09:00;S124, S125, Amphi;Theodora, Harris
LP-NUM profil Gen/AV;11/04/2023;BPVGSP6C - SPE - GP  (parcours Gestion proj Mult);SPE GP1/Gestion de projets WEB;SPE GP1/Gestion de projets WEB;Fabre;120;12/04/2023;10:30;10:30;S124, S126, Amphi;Lepley, McKinley
LP-NUM profil Info;17/01/2023;BPVIMA5C - MaN Mise à niveau audiovisuel ou info;MaN I-Info / ACSI UML;MaN I-Info / ACSI UML;Catherine;120;18/01/2023;14:00;14:00;S124, S127, Amphi;Cordova, Futrell
LP-NUM tronc commun;15/11/2022;B0XMTC5Q - MàN Tronc commun;MaN GAI-MM/Photo;MaN GAI-MM/Photo;Fort;60;16/11/2022;10:00;10:00;S124, S125, Amphi;Theodora, Harris
LP-NUM tronc commun;29/11/2022;B0XAU5Q - ACO-Audiovisuel;ACO MM/Sémiologie Signes-Couleur;ACO MM/Sémio Signes-Couleur;Corre;120;30/11/2022;09:30;09:00;S124, S125, Amphi;Lepley, McKinley
LP-NUM tronc commun;17/01/2023;B0XGP5Q - ACO-Gestion de projet;ACO GP3/Aspects juridiques;ACO GP3/Aspects juridiques;Corre;120;18/01/2023;11:30;11:30;S124, S126, Amphi;Cordova, Futrell
LP-NUM tronc commun;14/02/2023;B0XGP5Q - ACO-Gestion de projet;ACO GP2/Pilotage de projets;ACO GP2/Pilotage projets;Fabre;120;15/02/2023;14:00;14:00;S124, S127, Amphi;Theodora, Harris
LP-NUM tronc commun;21/03/2023;B0XINF5Q - LOT- Informatique;LOT Info2/Développement web - Javascript;LOT Info2/Dév. web JavaScript;Catherine;120;22/03/2023;08:00;08:00;S124, S125, Amphi;Lepley, McKinley
lp-prog;18/10/2022;BPVCN5C - Connaissances Générales;UE7 - CG - Droit de l'infomatique (périodes 1&2);Droit TIC;Corre;120;19/10/2022;09:00;09:00;S124, S125, Amphi;Cordova, Futrell
lp-prog;18/10/2022;BPVCN5C - Connaissances Générales;UE7 - CG - Fondamentaux pour la création d'entreprises (périodes 1&2);Ateliers Création entreprise;Drame;120;19/10/2022;08:30;08:30;S124, S126, Amphi;Theodora, Harris
lp-prog;18/10/2022;BPVGP5C - Gestion de projet;UE8 - Gestion de projet - Agilité (période 1);GP - Agilité;Garcia;120;19/10/2022;09:15;09:00;S124, S127, Amphi;Lepley, McKinley
lp-prog;15/11/2022;BPVAP5C - Algorithmique;UE6 - Conception, Prog avancée (période 2);Conception, Prog avancée;Fischer;120;16/11/2022;10:30;10:30;S124, S125, Amphi;Cordova, Futrell
lp-prog;10/01/2023;BPVPM6C - Programmation mobile avancée;UE2 - Programmation mobile (période 6);Android;Garcia;120;11/01/2023;14:00;14:00;S124, S125, Amphi;Theodora, Harris
lp-prog;28/02/2023;BPVPW6C - Programmation web;UE1 - Programmation Web avancée (période 5);Prog. web avancée;Drame;60;01/03/2023;10:00;10:00;S124, S126, Amphi;Lepley, McKinley
lp-prog;11/04/2022;BPVET6C - Embarqué & temps réel;UE4 - Programmation embarquée et temps réel (période 7);Prog embarquée;Bergeron;;12/04/2022;;09:00;;Cordova, Futrell
Info semestre 3, Info semestre 1;06/12/2022;R1.12&R3.12 - Voltaire 2 ;R1.12&R3.12 - Voltaire 2 ;R1.12&R3.12 - Volt. 2 ;Fischer;60;07/12/2022;10:00;10:00;S124, S126, Amphi;Theodora, Harris
